{"type":"Design","zone":null,"children":[{"type":"Page","properties":{"id":"page1","background":"images/don gl.jpg"},"children":[{"type":"Content","zone":"content","children":[{"type":"Div","children":[{"type":"Collapsible","properties":{"heading":"RESTAURANTE \"DON GRILLO\""},"children":[{"type":"TextArea","properties":{"hint":"Calle 6 Sur 304 Centro Histórico, Heroica Puebla de Zaragoza, PUE 01 222 232 4513","theme":"e"}}]}]},{"type":"Div","children":[{"type":"Collapsible","properties":{"heading":"MENU","theme":"e","content_theme":"b"},"children":[{"type":"List","children":[{"type":"ListButton","properties":{"text":"DESAYUNO","id":"dasayuno","target":"#page7"}},{"type":"ListButton","properties":{"text":"COMIDA","id":"comida","target":"#page2"}},{"type":"ListButton","properties":{"text":"CENA","id":"cena","target":"#page8"}},{"type":"ListButton","properties":{"text":"BEBIDAS","id":"bebidas","target":"#page5"}},{"type":"ListButton","properties":{"text":"POSTRES","id":"postres","target":"#page6"}}]}]}]}]}]},{"type":"Page","properties":{"id":"page2"},"children":[{"type":"Header","zone":"top","properties":{"text":"Sopas"}},{"type":"Content","zone":"content","children":[{"type":"Div","children":[{"type":"TextArea","properties":{"hint":"Sopa de Camarón Con Crujiente de Jamón Serrano y Manzana Verde $125","theme":"b"}},{"type":"Image","properties":{"src":"images/spa de cama.jpg","align":"center"}},{"type":"TextArea","properties":{"hint":"Capuccino a los Tres Quesos Suizo, Cheddar y Gouda al Aroma de Trufa $155","theme":"b"}},{"type":"Image","properties":{"src":"images/cap.jpg","align":"center"}},{"type":"TextArea","properties":{"hint":"Sopa de Verduras (90 grs) Verduras Frescas, Cebada Perla y Jitomate Caramelizado $115","theme":"b"}},{"type":"Image","properties":{"src":"images/sopa de ver.jpg","align":"center"}},{"type":"TextArea","properties":{"hint":"Sopa de Cebolla Croutón, Costra de Queso Parmesano y Gruyére $125","theme":"b"}},{"type":"Image","properties":{"src":"images/sopa de cebolla.jpg","align":"center"}}]}]},{"type":"Footer","zone":"bottom","children":[{"type":"Button","properties":{"text":"SIGUIENTE","id":"siguiente","target":"#page3"}},{"type":"Button","properties":{"text":"MENU","target":"#page1"}}]}]},{"type":"Page","properties":{"id":"page3"},"children":[{"type":"Header","zone":"top","properties":{"text":"ENSALADAS"}},{"type":"Content","zone":"content","children":[{"type":"Div","children":[{"type":"TextArea","properties":{"hint":"Ensalada de Espinaca Aderezo Tibio Agridulce, Tocino y Nuez $155","theme":"b"}},{"type":"Image","properties":{"src":"images/ENSALADA - copia (2).jpg","align":"center"}},{"type":"TextArea","properties":{"hint":"Ensalada de Berros Con Vinagreta de Mostaza Dijon, Tocino y Piñones $145","theme":"b"}},{"type":"Image","properties":{"src":"images/ENSALADA - copia (3).jpg","align":"center"}},{"type":"TextArea","properties":{"hint":"Ensalada Mediterranée Mezclum, Jitomate, Pepino, Palmito, Vinagreta de Aceituna Negra y Crujiente Parmesano $155","theme":"b"}},{"type":"Image","properties":{"src":"images/ENSALADA - copia (4).jpg","align":"center"}},{"type":"TextArea","properties":{"hint":"Ensalada César Anchoas, Mostaza Dijon, Queso Parmesano y Croutón al Ajo $155","theme":"b"}},{"type":"Image","properties":{"src":"images/ENSALADA - copia (5).jpg","align":"center"}}]}]},{"type":"Footer","zone":"bottom","children":[{"type":"Button","properties":{"text":"SIGUIENTE","id":"siguiente","target":"#page4"}},{"type":"Button","properties":{"text":"MENU","target":"#page1"}}]}]},{"type":"Page","properties":{"id":"page4"},"children":[{"type":"Header","zone":"top","properties":{"text":"CARNES"}},{"type":"Content","zone":"content","children":[{"type":"Div","children":[{"type":"TextArea","properties":{"hint":"Costillas de Ternera (350 grs) Papa al Horno y Verduras al Vapor $335","theme":"c"}},{"type":"Image","properties":{"src":"images/ternera.jpg","align":"center"}},{"type":"TextArea","properties":{"hint":"Filete En Salsa de Morillas (200 grs.) Papa al Gratín y Ratatouille de Verduras $335","theme":"c"}},{"type":"Image","properties":{"src":"images/salsasa.jpg","align":"center"}},{"type":"TextArea","properties":{"hint":"Filete Wellington (200 grs) En Pasta Hojaldrada, Jamón Serrano y Salsa al Oporto $345","theme":"c"}},{"type":"Image","properties":{"src":"images/weer.jpg","align":"center"}},{"type":"TextArea","properties":{"hint":"Estofado de Res a la Bourguignon (200 grs) Con Pasta a la Mantequilla y Verduras $335","theme":"c"}},{"type":"Image","properties":{"src":"images/asf.jpg","align":"center"}}]}]},{"type":"Footer","zone":"bottom","children":[{"type":"Button","properties":{"text":"MENU","target":"#page1"}}]}]},{"type":"Page","properties":{"id":"page5"},"children":[{"type":"Header","zone":"top","properties":{"text":"BEBIDAS"}},{"type":"Content","zone":"content","children":[{"type":"Div","children":[{"type":"TextArea","properties":{"hint":"FRANCESES DE BORDEAUX La Romance Chateau Chenu Lafitte Chateau Renaissance Chateau Castera  Bordeaux Bordeaux Superior Pomerol Medoc Cru Bourgeois    2009  2001  2006  $590  $595  $1,100  $1,200","theme":"c"}},{"type":"Image","properties":{"src":"images/vinoa.jpg","align":"center"}},{"type":"TextArea","properties":{"hint":"FRANCESES DE BOURGOGNE Bourgogne  Pinot noir 2011  $990","theme":"c"}},{"type":"Image","properties":{"src":"images/vinos.jpg","align":"center"}},{"type":"TextArea","properties":{"hint":"Agua SantaMaria Refrescos Limonada y Naranjada               Precio $29 $35 $45","theme":"c"}},{"type":"Image","properties":{"src":"images/rln.jpg","align":"center"}},{"type":"TextArea","properties":{"hint":"  NACIONALES La Cetto Santo Tomás Chateau Domecq Casa Madero  Reserva Privada Nebbiolo Merlot Cosecha seleccionada Malbec Año 2009  2012  2008  2011  Precio $590  $690  $710  $750","theme":"c"}},{"type":"Image","properties":{"src":"images/vios.jpg","align":"center"}}]}]},{"type":"Footer","zone":"bottom","children":[{"type":"Button","properties":{"text":"MENU","target":"#page1"}}]}]},{"type":"Page","properties":{"id":"page6"},"children":[{"type":"Header","zone":"top","properties":{"text":"POSTRES"}},{"type":"Content","zone":"content","children":[{"type":"Div","children":[{"type":"TextArea","properties":{"hint":"$110 Crujiente de Fresa Mousse de Chocolate Créme Brulée Crépas con Cajeta Tarta Tatin","theme":"c"}},{"type":"Image","properties":{"src":"images/cho.jpg","align":"center"}},{"type":"TextArea","properties":{"hint":"FLAMEOS $140 Higos al Kirsch Fresas Jubilée Crépas Suzette","theme":"c"}},{"type":"Image","properties":{"src":"images/higo.jpg","align":"center"}},{"type":"TextArea","properties":{"hint":"SOUFFLÉS $110 Pistache Limón Cocoa Calvados Grand Marnier","theme":"c"}},{"type":"Image","properties":{"src":"images/so.jpg","align":"center"}},{"type":"TextArea","properties":{"hint":"$110 Soufflé de Tequila Soufflé de Rompope","theme":"c"}},{"type":"Image","properties":{"src":"images/t.jpg","align":"center"}}]}]},{"type":"Footer","zone":"bottom","children":[{"type":"Button","properties":{"text":"MENU","id":"menu","target":"#page1"}}]}]},{"type":"Page","properties":{"id":"page7"},"children":[{"type":"Header","zone":"top","properties":{"text":"DESALLUNOS"}},{"type":"Content","zone":"content","children":[{"type":"Div","children":[{"type":"TextArea","properties":{"hint":"Huevos rancheros II: Frijoles, Salsa, Totopos  $35"}},{"type":"Image","properties":{"src":"images/hr.jpg","align":"center"}},{"type":"TextArea","properties":{"hint":"Chilaquiles verdes: Queso.Lechuga,Crema,Cebolla   $30"}},{"type":"Image","properties":{"src":"images/cv.jpg","align":"center"}},{"type":"TextArea","properties":{"hint":"LICUADOS: Fresa, Chocolate,Platano,Guayaba  $15"}},{"type":"Image","properties":{"src":"images/lic.jpg","align":"center"}}]}]},{"type":"Footer","zone":"bottom","children":[{"type":"Button","properties":{"id":"menu","target":"#page1","text":"MENU"}}]}]},{"type":"Page","properties":{"id":"page8"},"children":[{"type":"Header","zone":"top","properties":{"text":"CENAS"}},{"type":"Content","zone":"content","children":[{"type":"Div","children":[{"type":"TextArea","properties":{"hint":"Tortilla de calabacín y gambas : Tortilla hecha de calabacin con cebolla y gambas  $55"}},{"type":"Image","properties":{"align":"center","src":"images/to.jpg"}},{"type":"TextArea","properties":{"hint":"Cena catracha: Aguacate, Frijoles, Platano y Salsa  $70"}},{"type":"Image","properties":{"src":"images/descarga (1).jpg","align":"center"}},{"type":"TextArea","properties":{"hint":"Crepes vegetales: Rellenas de puerro cocido y zanahoria cocida  $80"}},{"type":"Image","properties":{"align":"center","src":"images/crepes.jpg"}}]}]},{"type":"Footer","zone":"bottom","children":[{"type":"Button","properties":{"id":"menu","target":"#page1","text":"MENU"}}]}]}],"pInfo":{"name":"Untitled","accessDate":1404393000127,"device":{"name":"Phones","screenWidth":320,"screenHeight":480,"rotating":false}}}